Indice,Nome do Arquivo Mod .PAK,Tamanho (MB),Data de Mapeamento
1,5eSpells.pak,326.14,2026-09-27 02:40:56
2,5eSpellsCleanUp_33b799a4-c2ad-ad84-bc01-4ed5496fb410.pak,58.49,2026-09-27 02:40:56
3,5e_spells_PTBR.pak,0.08,2026-09-27 02:40:56
4,AahzLib.pak,0.09,2026-09-27 02:40:56
5,AbsoluteWrath.pak,1.56,2026-09-27 02:40:56
6,additionalfeats3_3247e48f-49bf-fmed.pak,3.99,2026-09-27 02:40:56
7,additionalfeats4_3a50d7be-170e-flo6.pak,4.65,2026-09-27 02:40:56
8,advancedcharactersheet_78f36b6-97q4.pak,4.06,2026-09-27 02:40:56
9,AdvancedTTSpells_fa49db03-caa7-49c8-7c76-e6c38b60267a.pak,76.76,2026-09-27 02:40:56
10,alfirajoinstheparty_3539eba9-6-cxww.pak,1.08,2026-09-27 02:40:56
11,allorigins_efdedd5a-c382-4351-ik1n.pak,0.83,2026-09-27 02:40:56
12,AMP_Plus_fcf1d25f-1309-a9f7-ff14-974e39880e42.pak,39.28,2026-09-27 02:40:56
13,animationunlocker_7131033f-821-4yaf.pak,3.54,2026-09-27 02:40:56
14,ase_nr_cambion_f696c666-15ff-e-iv51.pak,40.38,2026-09-27 02:40:56
15,AV Item Shipment Framework.pak,0.98,2026-09-27 02:40:56
16,awseffectssupport_efc4770c-24c-4x5b.pak,4.92,2026-09-27 02:40:56
17,backgrounds_unlocked_e3d00bd4-bfgd.pak,19.8,2026-09-27 02:40:56
18,bettercontainers_cb42bc3a-f1d2-afwl.pak,0.31,2026-09-27 02:40:56
19,bettercontextmenu_f9dd909a-360-9soj.pak,0.44,2026-09-27 02:40:56
20,BetterHints - PT-BR.pak,0.01,2026-09-27 02:40:56
21,betterhotbar2enhanced_cbd1ceac-9q3o.pak,0.73,2026-09-27 02:40:56
22,betterhotbar2_a43f8334-d0cd-b6-64ke.pak,0.73,2026-09-27 02:40:56
23,betterhotbarxr_4c254292-cf25-0-5vz2.pak,1.22,2026-09-27 02:40:56
24,betterhotbar_191c52f3-07bb-f83-bsmw.pak,1.47,2026-09-27 02:40:56
25,bettertargetinfo_1186f940-7338-cp8j.pak,0.36,2026-09-27 02:40:56
26,bettertooltips_bc1081b4-e2a9-c-esik.pak,0.53,2026-09-27 02:40:56
27,bettertopbar_d9582df8-6eef-a75-4cx6.pak,0.33,2026-09-27 02:40:56
28,beyond20_a40cc68b-2577-f166-0d-fnml.pak,0.33,2026-09-27 02:40:56
29,BG3AF.pak,0.35,2026-09-27 02:40:56
30,BG3SX AnimAddon.pak,43.75,2026-09-27 02:40:56
31,BG3SX.pak,17.21,2026-09-27 02:40:56
32,BG3SXSpells.pak,7.7,2026-09-27 02:40:56
33,bloodking_a9aadaeb-c94a-109e-4-2fmv.pak,3.93,2026-09-27 02:40:56
34,bloodmageptbr_54492ba5-d875-bc-81k9.pak,0.29,2026-09-27 02:40:56
35,bloodmagicspell_5b702441-7a33-4dfn.pak,6.17,2026-09-27 02:40:56
36,bloodsorceryptbr_8419e50f-bf4a-5zjp.pak,0.24,2026-09-27 02:40:56
37,blood_mage_beef80a7-ba4c-c07b-gmzx.pak,5.56,2026-09-27 02:40:56
38,bonesculptor_cb40f991-6697-0e8-6ric.pak,20.5,2026-09-27 02:40:56
39,cambionrace_885df5c8-6666-578d-3pux.pak,2.4,2026-09-27 02:40:56
40,cambionscompanion_8927de59-514-1c0m.pak,24.78,2026-09-27 02:40:56
41,cambionstats_716f5ced-5cd9-06e-b9ap.pak,0.47,2026-09-27 02:40:56
42,cambionsummonally_10d6c5bf-39b-2r0p.pak,0.83,2026-09-27 02:40:56
43,cambion_d46426de-eb60-3a44-db2-0yzw.pak,0.56,2026-09-27 02:40:56
44,carry_weight_extra_5576e2a6-06-3eou.pak,1.85,2026-09-27 02:40:56
45,cheatersring_2d1ca631-35dd-3af-2luo.pak,50.59,2026-09-27 02:40:56
46,clearmap_b8a896ff-621d-89d5-2f-1fpx.pak,0.33,2026-09-27 02:40:56
47,cmtylib_600b0ed8-2285-3caf-ba7-bent.pak,5.74,2026-09-27 02:40:56
48,CommunityLibrary.pak,8.36,2026-09-27 02:40:56
49,companion_f0e3feae-456b-129c-9-0ziy.pak,0.6,2026-09-27 02:40:56
50,CompatibilityFramework.pak,0.07,2026-09-27 02:40:56
51,CreativeMode.pak,0.73,2026-09-27 02:40:56
52,dawnstarsblackmagicspells_6ab0-0l3y.pak,22.18,2026-09-27 02:40:56
53,deathknight_0326bc72-6c64-5fc1-1xwj.pak,12.9,2026-09-27 02:40:56
54,deathmage_021521aa-f1fe-febc-b-5nsv.pak,0.87,2026-09-27 02:40:56
55,death_bringer_cc85e686-5099-a2-bysa.pak,3.49,2026-09-27 02:40:56
56,debugbook_af8f78f6-2cda-1958-e-e1ae.pak,21.37,2026-09-27 02:40:56
57,devilspells_532782cd-93ea-ad73-0us2.pak,1.04,2026-09-27 02:40:56
58,devilsummons_2dee9c70-262e-485-bymq.pak,0.57,2026-09-27 02:40:56
59,diety_for_all_e1dc385a-9acb-b6-aps4.pak,2.06,2026-09-27 02:40:56
60,DivineCurse PT-BR.pak,0.0,2026-09-27 02:40:56
61,DivineCurse.pak,0.18,2026-09-27 02:40:56
62,dlc-items-remastered_78cbf5b6-7fl2.pak,22.56,2026-09-27 02:40:56
63,dnd2024_897914ef-5c96-053c-44a-8z6z.pak,91.83,2026-09-27 02:40:56
64,dnd55eextrafeats_ed6b849a-6b5a-hmpd.pak,0.6,2026-09-27 02:40:56
65,dreadoverlordconsole_177b3e55-akgw.pak,19.79,2026-09-27 02:40:56
66,DreadOverlordPTBR_e52a1b0c-6c86-be27-410a-529de5faa86a.pak,1.61,2026-09-27 02:40:56
67,dynamicsidebar_1e649013-e371-9-0qxh.pak,0.35,2026-09-27 02:40:56
68,EasyCheat.pak,7.36,2026-09-27 02:40:56
69,eclip5emonsterraces_9ab44d94-2-6igc.pak,4.41,2026-09-27 02:40:56
70,Emi-SD.pak,0.28,2026-09-27 02:40:56
71,enhancedworldtooltips_b8efd00b-7ugr.pak,1.84,2026-09-27 02:40:56
72,EquipmentLibrary.pak,0.01,2026-09-27 02:40:56
73,ESGSuccubusClass.pak,21.57,2026-09-27 02:40:56
74,Expansion (Tradução PT-BR - 1.7.3.10).pak,0.22,2026-09-27 02:40:56
75,Expansion.pak,275.36,2026-09-27 02:40:56
76,FadeEquipment_PTBR_7d2c77f0-d28a-4d8f-98c8-5cfbc8293c82.pak,0.1,2026-09-27 02:40:56
77,Fantastical-Framework.pak,46.07,2026-09-27 02:40:56
78,Fantastical-Multiverse.pak,48.03,2026-09-27 02:40:56
79,FATE_PTBR_9a7302de-e6c7-4ef0-9df7-f2bf8cf7e48a.pak,0.1,2026-09-27 02:40:56
80,featsrebalancedmk2_84e60672-3c-gidc.pak,1.25,2026-09-27 02:40:56
81,fiendrace2025_ecc1d4f0-caa6-d6-7spc.pak,0.63,2026-09-27 02:40:56
82,freja_succubus_spells_b1ac5ce8-awnm.pak,122.01,2026-09-27 02:40:56
83,gabesautodepositor_c37d6364-49-2eiu.pak,20.43,2026-09-27 02:40:56
84,gabsequipment_55647f12-7493-51-dzuc.pak,3.23,2026-09-27 02:40:56
85,Ghost_c7398c61-92e3-0938-2154-57b098d05ddb.pak,2.13,2026-09-27 02:40:56
86,Ghost_PTBR_e86658ea-e1e7-41d8-dd7b-3793804cd0b3.pak,1.39,2026-09-27 02:40:56
87,ghoulshauntinghorns_f8a883b7-8-mbas.pak,67.04,2026-09-27 02:40:56
88,GhoulTouchWeaponry.pak,186.43,2026-09-27 02:40:56
89,GhoulTouchWeaponryAddOn.pak,0.0,2026-09-27 02:40:56
90,GrazztRing-PT-BR.pak,0.02,2026-09-27 02:40:56
91,GrazztRing.pak,5.88,2026-09-27 02:40:56
92,Grimoire.pak,0.04,2026-09-27 02:40:56
93,heroicinspiration2024_b3a46da7-7ecd.pak,4.54,2026-09-27 02:40:56
94,homemade_feats_and_itens_ac319-3iqd.pak,2.93,2026-09-27 02:40:56
95,ImpUI_26922ba9-6018-5252-075d-7ff2ba6ed879.pak,0.37,2026-09-27 02:40:56
96,itembugfix_010e73d5-9342-e528-dwe3.pak,2.56,2026-09-27 02:40:56
97,kaymateriallibrary_896aa172-c0-dxk1.pak,8.63,2026-09-27 02:40:56
98,kbgl_undead_hirelings_38d279af-2z2d.pak,29.04,2026-09-27 02:40:56
99,KendersLabsCoreLibs.pak,0.08,2026-09-27 02:40:56
100,lemonshaderbase_6aa6fccb-5184-748d.pak,5.52,2026-09-27 02:40:56
101,levelup_7a993c28-7cd5-1c25-f9f-em5k.pak,0.03,2026-09-27 02:40:56
102,level_9_hotbar_slots_2c92a4e4-7kgb.pak,0.42,2026-09-27 02:40:56
103,Lewds.pak,750.56,2026-09-27 02:40:56
104,lnmtfh_3a4970a2-c138-6498-1221-7qv3.pak,5.03,2026-09-27 02:40:56
105,mizora_hair_skin_for_player_ab-3ef5.pak,23.45,2026-09-27 02:40:56
106,Mod Configuration Menu.pak,26.38,2026-09-27 02:40:56
107,ModManagerFixesnTweaks_b535bdb7-2df5-cbe7-5012-ef366d124716.pak,0.18,2026-09-27 02:40:56
108,morefeats2_dd0ecfb6-9752-58d2-7plo.pak,1.06,2026-09-27 02:40:56
109,morehirelings_5159fad1-732e-42-5xo7.pak,21.74,2026-09-27 02:40:56
110,moreorigins_8721e119-569b-0c1c-ec8f.pak,0.48,2026-09-27 02:40:56
111,Mors_More_Tooltips.pak,11.07,2026-09-27 02:40:56
112,MysticClass_7d7f9c1e-5a59-fa20-58df-f175d15abfa1.pak,1.89,2026-09-27 02:40:56
113,mysticclass_93c6116d-631a-cdc4-iext.pak,134.83,2026-09-27 02:40:56
114,mysticexpansion_c86cc191-c41e-0few.pak,63.26,2026-09-27 02:40:56
115,MysticExpansion_d9c75fce-f088-f05b-de2f-e04ebdc88db0.pak,1.86,2026-09-27 02:40:56
116,mystrasscrollsloot_ba4c9edf-f9-4htb.pak,2.41,2026-09-27 02:40:56
117,mystrasscrolls_1c1568b8-8a77-e-hqgw.pak,54.67,2026-09-27 02:40:56
118,NewLoadingScreens.pak,255.83,2026-09-27 02:40:56
119,new_test_feat_f2904c42-4f47-e6-22i8.pak,0.92,2026-09-27 02:40:56
120,nmcm_ca8bfe06-88ec-a4e7-b49e-4-chmj.pak,22.26,2026-09-27 02:40:56
121,npcabilityscores_be484289-caf4-7mtw.pak,1.16,2026-09-27 02:40:56
122,oathoftheironzealot_8a981d3d-3-bpww.pak,13.26,2026-09-27 02:40:56
123,origin_shar_new_cfd7d1ab-73b4-6fr5.pak,37.93,2026-09-27 02:40:56
124,p4_unique_com_8cc519bd-cfd3-4041-9468-518cc3e31b28.pak,222.24,2026-09-27 02:40:56
125,polyamoryfixes_6c253629-15d1-2-2muf.pak,20.44,2026-09-27 02:40:56
126,PotentSluts_0f87e799-4a97-cbc8-daba-db4cd03be887.pak,27.31,2026-09-27 02:40:56
127,racefiend_e19a8ed4-ec88-8eef-a-3cye.pak,5.54,2026-09-27 02:40:56
128,raphael_helldusk_armour_0a76d4-gvtu.pak,1.1,2026-09-27 02:40:56
129,REL_Full_Ancient_c6c0d2bd-6198-de9e-30ad-e8cda1793025.pak,240.65,2026-09-27 02:40:56
130,RemodelledFrameBody.pak,7.03,2026-09-27 02:40:56
131,Requiem_for_the_Absolute_f1f6fbec-f087-c70f-a28f-4437385f3433.pak,24.52,2026-09-27 02:40:56
132,revampedhirelings_b83567cc-c27-a39t.pak,1.37,2026-09-27 02:40:56
133,shardeityunlocked_e23b84bd-fc9-euou.pak,1.28,2026-09-27 02:40:56
134,showcampnightnotification_6357-8uk7.pak,20.23,2026-09-27 02:40:56
135,simplenymph2_04c29312-0713-b84-fj7p.pak,37.82,2026-09-27 02:40:56
136,SindaeTexturePak.pak,19.29,2026-09-27 02:40:56
137,Skip Intro.pak,0.01,2026-09-27 02:40:56
138,sorcubusclass_f862919f-c51b-56-mi6z.pak,26.54,2026-09-27 02:40:56
139,spellfireFlareHOF_a954a381-feea-911a-cc47-3ff61f5ad8c1.pak,8.75,2026-09-27 02:40:56
140,succubinesorcerer_9d67b4d8-987-9zry.pak,11.19,2026-09-27 02:40:56
141,succubirace_212f1094-a170-384b-8qza.pak,2.43,2026-09-27 02:40:56
142,Succubus-PTBR.pak,0.04,2026-09-27 02:40:56
143,succubusclass_f27bd72a-4912-f1-1bil.pak,21.47,2026-09-27 02:40:56
144,succubus_b9b17e72-73f4-ecd0-09-0izb.pak,1.34,2026-09-27 02:40:56
145,succubus_subraces_e3e412af-286-l7de.pak,30.09,2026-09-27 02:40:56
146,SZM_Succubus.pak,6.83,2026-09-27 02:40:56
147,test_4b516620-9c56-aa18-96ae-a-dk21.pak,77.45,2026-09-27 02:40:56
148,throwfx_library_b121ccc4-991a-mlc4.pak,2.05,2026-09-27 02:40:56
149,Trips_Shaders.pak,4.69,2026-09-27 02:40:56
150,undeadraces_62dc6044-5ed9-7b30-8fbd.pak,0.86,2026-09-27 02:40:56
151,unique_tav.pak,373.11,2026-09-27 02:40:56
152,unlocklevelcurveptbr_1d73a280-gldz.pak,0.78,2026-09-27 02:40:56
153,unlocklevelcurve_a2ffd0e4-c407-4p40.pak,0.89,2026-09-27 02:40:56
154,use5espellswithmystrasspells_5-2pnq.pak,0.31,2026-09-27 02:40:56
155,vampireascendant_ae9eab83-a4ad-mzmu.pak,1.1,2026-09-27 02:40:56
156,VolitionCabinet.pak,0.27,2026-09-27 02:40:56
157,werewolfbackground_8acb223d-15-9apg.pak,20.59,2026-09-27 02:40:56
158,WickedAnims - New.pak,11.28,2026-09-27 02:40:56
159,WotD-Aasimar.pak,591.67,2026-09-27 02:40:56
160,xfate_fef3fbd7-4a38-01e2-d37c-fjlb.pak,97.67,2026-09-27 02:40:56
161,xFED_AIO_af330e86-7335-b20c-ce70-6df8539d4597.pak,75.53,2026-09-27 02:40:56
162,xFED_CampChest_caa82196-33c8-6f4e-de67-edda871476f0.pak,0.83,2026-09-27 02:40:56
163,yoes_vampire_potion_c08ac6d7-d-2h5c.pak,0.65,2026-09-27 02:40:56
